nucleotide number,nucleotide,Hbonds-WC avg,Hbonds-WC sd,Hbonds-non-WC avg,Hbonds-non-WC sd,Hbonds-total avg,Hbonds-total sd,Stacking-Coulomb avg,Stacking-Coulomb sd,Stacking-VDW avg,Stacking-VDW sd,Stacking-total avg,Stacking-total sd,VMD
500,N|G:500,2.4,0.49,0.0,0.0,2.4,0.49,-6.37,2.2,-6.22,0.37,-12.59,2.23,chain N and resid  500 
501,N|C:501,2.4,0.66,0.0,0.0,2.4,0.66,7.77,1.54,-10.99,0.69,-3.22,1.69,chain N and resid  501 
502,N|A:502,1.8,0.6,0.1,0.3,1.9,0.3,11.45,2.47,-14.0,0.99,-2.55,2.66,chain N and resid  502 
503,N|C:503,2.9,0.3,0.9,0.3,3.8,0.4,9.79,4.19,-11.8,0.68,-2.01,4.24,chain N and resid  503 
504,N|C:504,2.9,0.3,0.0,0.0,2.9,0.3,6.9,2.04,-11.07,0.57,-4.18,2.12,chain N and resid  504 
505,N|G:505,2.4,0.92,0.1,0.3,2.5,0.67,8.63,1.6,-14.03,0.88,-5.39,1.83,chain N and resid  505 
506,N|G:506,2.4,0.66,0.0,0.0,2.4,0.66,3.88,2.52,-14.62,0.71,-10.75,2.62,chain N and resid  506 
507,N|C:507,2.8,0.4,0.0,0.0,2.8,0.4,1.92,1.77,-10.94,0.93,-9.02,2.0,chain N and resid  507 
508,N|U:508,0.0,0.0,0.1,0.3,0.1,0.3,5.74,2.62,-4.85,0.6,0.89,2.69,chain N and resid  508 
509,N|A:509,0.0,0.0,1.1,0.7,1.1,0.7,31.31,5.13,-6.32,0.58,24.98,5.16,chain N and resid  509 
510,N|A:510,0.0,0.0,1.1,0.3,1.1,0.3,29.48,3.9,-7.39,0.85,22.09,3.99,chain N and resid  510 
511,N|C:511,2.3,0.64,0.0,0.0,2.3,0.64,2.82,1.17,-10.13,0.48,-7.32,1.26,chain N and resid  511 
512,N|U:512,1.2,0.75,0.0,0.0,1.2,0.75,2.92,1.48,-11.19,0.71,-8.28,1.64,chain N and resid  512 
513,N|C:513,2.5,0.5,0.0,0.0,2.5,0.5,12.28,1.37,-10.93,0.59,1.35,1.49,chain N and resid  513 
514,N|C:514,2.8,0.4,0.0,0.0,2.8,0.4,2.99,1.65,-12.16,0.67,-9.17,1.78,chain N and resid  514 
515,N|G:515,2.7,0.46,0.0,0.0,2.7,0.46,1.95,1.76,-17.1,1.26,-15.15,2.16,chain N and resid  515 
516,N|U:516,0.0,0.0,1.4,0.49,1.4,0.49,11.97,1.09,-12.76,1.12,-0.78,1.56,chain N and resid  516 
517,N|G:517,0.0,0.0,0.1,0.3,0.1,0.3,6.97,1.91,-10.22,0.54,-3.25,1.98,chain N and resid  517 
518,N|C:518,0.0,0.0,0.0,0.0,0.0,0.0,10.28,1.55,-9.94,0.64,0.33,1.68,chain N and resid  518 
519,N|C:519,0.0,0.0,1.1,0.3,1.1,0.3,0.33,1.98,-7.1,1.08,-6.78,2.26,chain N and resid  519 
520,N|A:520,0.0,0.0,1.0,0.0,1.0,0.0,14.87,3.02,-11.69,0.7,3.18,3.1,chain N and resid  520 
521,N|G:521,2.7,0.46,0.4,0.49,3.1,0.7,-3.12,1.51,-14.87,0.59,-17.98,1.62,chain N and resid  521 
522,N|C:522,3.0,0.0,0.0,0.0,3.0,0.0,3.51,0.88,-11.53,0.85,-8.02,1.22,chain N and resid  522 
523,N|A:523,0.0,0.0,1.0,0.0,1.0,0.0,9.11,2.18,-9.99,1.01,-0.88,2.4,chain N and resid  523 
524,N|G:524,2.8,0.4,0.3,0.46,3.1,0.7,-5.87,0.62,-5.88,0.63,-11.74,0.88,chain N and resid  524 
525,N|C:525,2.4,0.66,1.0,0.0,3.4,0.66,2.41,1.65,-11.21,0.72,-8.79,1.8,chain N and resid  525 
526,N|C:526,2.4,0.92,0.7,0.46,3.1,0.94,4.25,2.02,-10.04,0.86,-5.79,2.2,chain N and resid  526 
527,N|G:527,3.0,0.0,1.5,0.5,4.5,0.5,2.58,2.28,-14.56,0.64,-11.99,2.37,chain N and resid  527 
528,N|C:528,2.7,0.46,1.0,0.0,3.7,0.46,-0.19,2.04,-11.76,0.91,-11.95,2.23,chain N and resid  528 
529,N|G:529,0.0,0.0,1.5,0.5,1.5,0.5,-0.36,2.13,-13.59,1.14,-13.95,2.42,chain N and resid  529 
530,N|G:530,0.0,0.0,0.0,0.0,0.0,0.0,4.31,1.71,-5.25,0.57,-0.94,1.8,chain N and resid  530 
531,N|U:531,0.0,0.0,0.0,0.0,0.0,0.0,3.7,0.9,-2.08,0.35,1.62,0.97,chain N and resid  531 
532,N|A:532,0.0,0.0,0.0,0.0,0.0,0.0,0.0,0.0,0.0,0.0,0.0,0.0,chain N and resid  532 
533,N|A:533,0.0,0.0,1.0,0.0,1.0,0.0,10.17,3.45,-7.7,0.59,2.47,3.5,chain N and resid  533 
534,N|U:534,0.0,0.0,0.0,0.0,0.0,0.0,-0.41,0.82,-0.1,0.2,-0.51,0.84,chain N and resid  534 
535,N|A:535,0.0,0.0,1.0,0.0,1.0,0.0,2.71,1.05,-7.49,0.6,-4.78,1.21,chain N and resid  535 
536,N|C:536,2.7,0.46,0.4,0.49,3.1,0.54,13.69,4.94,-10.26,1.23,3.43,5.09,chain N and resid  536 
537,N|G:537,2.8,0.4,0.0,0.0,2.8,0.4,8.32,2.27,-16.84,0.81,-8.51,2.41,chain N and resid  537 
538,N|G:538,2.5,0.5,0.0,0.0,2.5,0.5,13.95,3.43,-17.04,1.12,-3.09,3.61,chain N and resid  538 
539,N|A:539,1.2,0.75,0.0,0.0,1.2,0.75,26.53,4.63,-16.63,1.16,9.9,4.77,chain N and resid  539 
540,N|G:540,2.3,0.64,0.0,0.0,2.3,0.64,17.71,3.91,-15.53,0.75,2.18,3.98,chain N and resid  540 
541,N|G:541,2.9,0.3,0.0,0.0,2.9,0.3,16.91,1.58,-17.12,0.79,-0.22,1.77,chain N and resid  541 
542,N|G:542,2.9,0.3,0.7,0.64,3.6,0.66,8.18,2.59,-16.77,0.93,-8.59,2.75,chain N and resid  542 
543,N|U:543,1.8,0.6,1.1,0.54,2.9,0.83,10.5,4.52,-12.17,1.31,-1.67,4.71,chain N and resid  543 
544,N|G:544,2.4,0.66,0.0,0.0,2.4,0.66,-0.23,2.8,-15.57,0.96,-15.8,2.96,chain N and resid  544 
545,N|C:545,2.4,0.49,0.0,0.0,2.4,0.49,1.34,2.04,-8.02,0.5,-6.68,2.1,chain N and resid  545 
